ratio.seqID	Length	Type	sequence	Modification	X.SAMPLE.A.	X.SAMPLE.B.
hsa-miR-342-5p	21	Human miRNA	AGGGGTGCTATCTGTGATTGA	5'-phosphorylation	10x	1x
hsa-miR-221-3p	23	Human miRNA	AGCTACATTGTCTGCTGGGTTTC	5'-phosphorylation	10x	1x
hsa-mir-1306-5p	22	Human miRNA	CCACCTCCCCTGCAAACGTCCA	5'-phosphorylation	10x	1x
hsa-miR-4433b-3p	21	Human miRNA	CAGGAGTGGGGGGTGGGACGT	5'-phosphorylation	10x	1x
hsa-miR-196b-5p	22	Human miRNA	TAGGTAGTTTCCTGTTGTTGGG	5'-phosphorylation	10x	1x
hsa-miR-302a-3p	23	Human miRNA	TAAGTGCTTCCATGTTTTGGTGA	5'-phosphorylation	10x	1x
hsa-miR-671-5p	23	Human miRNA	AGGAAGCCCTGGAGGGGCTGGAG	5'-phosphorylation	10x	1x
hsa-mir-7641-1	19	Human miRNA	TTGATCTCGGAAGCTAAGC	5'-phosphorylation	10x	1x
hsa-miR-10a-5p	23	Human miRNA	TACCCTGTAGATCCGAATTTGTG	5'-phosphorylation	10x	1x
hsa-miR-193b-3p	22	Human miRNA	AACTGGCCCTCAAAGTCCCGCT	5'-phosphorylation	10x	1x
hsa-miR-339-5p	23	Human miRNA	TCCCTGTCCTCCAGGAGCTCACG	5'-phosphorylation	10x	1x
hsa-miR-28-5p	22	Human miRNA	AAGGAGCTCACAGTCTATTGAG	5'-phosphorylation	10x	1x
hsa-miR-432-5p	23	Human miRNA	TCTTGGAGTAGGTCATTGGGTGG	5'-phosphorylation	10x	1x
hsa-miR-181a-2-5p	23	Human miRNA	AACATTCAACGCTGTCGGTGAGT	5'-phosphorylation	10x	1x
hsa-miR-18a-3p	23	Human miRNA	ACTGCCCTAAGTGCTCCTTCTGG	5'-phosphorylation	10x	1x
hsa-miR-301a-3p	23	Human miRNA	CAGTGCAATAGTATTGTCAAAGC	5'-phosphorylation	10x	1x
hsa-miR-20a-3p	22	Human miRNA	ACTGCATTATGAGCACTTAAAG	5'-phosphorylation	10x	1x
hsa-miR-30b-5p	22	Human miRNA	TGTAAACATCCTACACTCAGCT	5'-phosphorylation	10x	1x
hsa-miR-192-5p	21	Human miRNA	CTGACCTATGAATTGACAGCC	5'-phosphorylation	1x	10x
hsa-miR-625-3p	22	Human miRNA	GACTATAGAACTTTCCCCCTCA	5'-phosphorylation	1x	10x
hsa-miR-185-5p	22	Human miRNA	TGGAGAGAAAGGCAGTTCCTGA	5'-phosphorylation	1x	10x
hsa-miR-3184-3p	23	Human miRNA	AAAGTCTCGCTCTCTGCCCCTCA	5'-phosphorylation	1x	10x
hsa-miR-188-5p	21	Human miRNA	CATCCCTTGCATGGTGGAGGG	5'-phosphorylation	1x	10x
hsa-miR-200a-3p	22	Human miRNA	TAACACTGTCTGGTAACGATGT	5'-phosphorylation	1x	10x
hsa-miR-874-3p	22	Human miRNA	CTGCCCTGGCCCGAGGGACCGA	5'-phosphorylation	1x	10x
hsa-miR-584-5p	22	Human miRNA	TTATGGTTTGCCTGGGACTGAG	5'-phosphorylation	1x	10x
hsa-miR-151a-3p	21	Human miRNA	CTAGACTGAAGCTCCTTGAGG	5'-phosphorylation	1x	10x
hsa-miR-21-5p	22	Human miRNA	TAGCTTATCAGACTGATGTTGA	5'-phosphorylation	1x	10x
hsa-miR-885-5p	22	Human miRNA	TCCATTACACTACCCTGCCTCT	5'-phosphorylation	1x	10x
hsa-miR-378c	25	Human miRNA	ACTGGACTTGGAGTCAGAAGAGTGG	5'-phosphorylation	1x	10x
hsa-miR-223-5p	22	Human miRNA	CGTGTATTTGACAAGCTGAGTT	5'-phosphorylation	1x	10x
hsa-miR-19b-3p	23	Human miRNA	TGTGCAAATCCATGCAAAACTGA	5'-phosphorylation	1x	10x
hsa-miR-4732-5p	23	Human miRNA	TGTAGAGCAGGGAGCAGGAAGCT	5'-phosphorylation	1x	10x
hsa-miR-18b-5p	23	Human miRNA	TAAGGTGCATCTAGTGCAGTTAG	5'-phosphorylation	1x	10x
hsa-miR-451a	22	Human miRNA	AAACCGTTACCATTACTGAGTT	5'-phosphorylation	1x	10x
hsa-miR-23a-3p	21	Human miRNA	ATCACATTGCCAGGGATTTCC	5'-phosphorylation	1x	10x
hsa-miR-33a-5p	21	Human miRNA	GTGCATTGTAGTTGCATTGCA	5'-phosphorylation	8x	1x
hsa-miR-30a-5p	22	Human miRNA	TGTAAACATCCTCGACTGGAAG	5'-phosphorylation	8x	1x
hsa-miR-143-3p	21	Human miRNA	TGAGATGAAGCACTGTAGCTC	5'-phosphorylation	8x	1x
hsa-miR-660-5p	22	Human miRNA	TACCCATTGCATATCGGAGTTG	5'-phosphorylation	8x	1x
hsa-miR-22-3p	22	Human miRNA	AAGCTGCCAGTTGAAGAACTGT	5'-phosphorylation	8x	1x
hsa-miR-200c-3p	23	Human miRNA	TAATACTGCCGGGTAATGATGGA	5'-phosphorylation	8x	1x
hsa-let-7g-5p	22	Human miRNA	TGAGGTAGTAGTTTGTACAGTT	5'-phosphorylation	8x	1x
hsa-miR-346	23	Human miRNA	TGTCTGCCCGCATGCCTGCCTCT	5'-phosphorylation	8x	1x
hsa-miR-323a-3p	21	Human miRNA	CACATTACACGGTCGACCTCT	5'-phosphorylation	8x	1x
hsa-miR-130a-3p	22	Human miRNA	CAGTGCAATGTTAAAAGGGCAT	5'-phosphorylation	8x	1x
hsa-miR-543	22	Human miRNA	AAACATTCGCGGTGCACTTCTT	5'-phosphorylation	8x	1x
hsa-miR-28-3p	22	Human miRNA	CACTAGATTGTGAGCTCCTGGA	5'-phosphorylation	8x	1x
hsa-let-7a-3p	21	Human miRNA	CTATACAATCTACTGTCTTTC	5'-phosphorylation	8x	1x
hsa-miR-20a-5p	23	Human miRNA	TAAAGTGCTTATAGTGCAGGTAG	5'-phosphorylation	8x	1x
hsa-miR-1	22	Human miRNA	TGGAATGTAAAGAAGTATGTAT	5'-phosphorylation	8x	1x
hsa-miR-130b-5p	21	Human miRNA	ACTCTTTCCCTGTTGCACTAC	5'-phosphorylation	8x	1x
hsa-miR-132-5p	22	Human miRNA	ACCGTGGCTTTCGATTGTTACT	5'-phosphorylation	8x	1x
hsa-miR-1307-3p	22	Human miRNA	ACTCGGCGTGGCGTCGGTCGTG	5'-phosphorylation	8x	1x
hsa-miR-107	23	Human miRNA	AGCAGCATTGTACAGGGCTATCA	5'-phosphorylation	1x	8x
hsa-miR-342-3p	23	Human miRNA	TCTCACACAGAAATCGCACCCGT	5'-phosphorylation	1x	8x
hsa-miR-122-5p	22	Human miRNA	TGGAGTGTGACAATGGTGTTTG	5'-phosphorylation	1x	8x
hsa-miR-136-5p	23	Human miRNA	ACTCCATTTGTTTTGATGATGGA	5'-phosphorylation	1x	8x
hsa-let-7f-5p	22	Human miRNA	TGAGGTAGTAGATTGTATAGTT	5'-phosphorylation	1x	8x
hsa-miR-191-5p	23	Human miRNA	CAACGGAATCCCAAAAGCAGCTG	5'-phosphorylation	1x	8x
hsa-mir-451b	22	Human miRNA	TAGCAAGAGAACCATTACCATT	5'-phosphorylation	1x	8x
hsa-miR-188-3p	21	Human miRNA	CTCCCACATGCAGGGTTTGCA	5'-phosphorylation	1x	8x
hsa-let-7d-3p	22	Human miRNA	CTATACGACCTGCTGCCTTTCT	5'-phosphorylation	1x	8x
hsa-miR-378a-3p	22	Human miRNA	ACTGGACTTGGAGTCAGAAGGC	5'-phosphorylation	1x	8x
hsa-miR-15b-5p	22	Human miRNA	TAGCAGCACATCATGGTTTACA	5'-phosphorylation	1x	8x
hsa-miR-1908-5p	21	Human miRNA	CGGCGGGGACGGCGATTGGTC	5'-phosphorylation	1x	8x
hsa-miR-204-3p	21	Human miRNA	GCTGGGAAGGCAAAGGGACGT	5'-phosphorylation	1x	8x
hsa-miR-4433-5p	21	Human miRNA	CGTCCCACCCCCCACTCCTGT	5'-phosphorylation	1x	8x
hsa-miR-144-5p	22	Human miRNA	GGATATCATCATATACTGTAAG	5'-phosphorylation	1x	8x
hsa-miR-4440	22	Human miRNA	TGTCGTGGGGCTTGCTGGCTTG	5'-phosphorylation	1x	8x
hsa-miR-449b	22	Human miRNA	AGGCAGTGTATTGTTAGCTGGC	5'-phosphorylation	1x	8x
hsa-miR-629-5p	21	Human miRNA	TGGGTTTACGTTGGGAGAACT	5'-phosphorylation	1x	8x
hsa-miR-323b-3p	22	Human miRNA	CCCAATACACGGTCGACCTCTT	5'-phosphorylation	5x	1x
hsa-miR-203b-5p	22	Human miRNA	TAGTGGTCCTAAACATTTCACA	5'-phosphorylation	5x	1x
hsa-mir-1273a	25	Human miRNA	GGGCGACAAAGCAAGACTCTTTCTT	5'-phosphorylation	5x	1x
hsa-miR-193b-5p	22	Human miRNA	CGGGGTTTTGAGGGCGAGATGA	5'-phosphorylation	5x	1x
hsa-miR-142-5p	21	Human miRNA	CATAAAGTAGAAAGCACTACT	5'-phosphorylation	5x	1x
hsa-miR-409-3p	22	Human miRNA	GAATGTTGCTCGGTGAACCCCT	5'-phosphorylation	5x	1x
hsa-miR-25-3p	22	Human miRNA	CATTGCACTTGTCTCGGTCTGA	5'-phosphorylation	5x	1x
hsa-miR-425-3p	22	Human miRNA	ATCGGGAATGTCGTGTCCGCCC	5'-phosphorylation	5x	1x
hsa-miR-299-5p	22	Human miRNA	TGGTTTACCGTCCCACATACAT	5'-phosphorylation	5x	1x
hsa-mir-4521	22	Human miRNA	GCTAAGGAAGTCCTGTGCTCAG	5'-phosphorylation	5x	1x
hsa-miR-197-3p	22	Human miRNA	TTCACCACCTTCTCCACCCAGC	5'-phosphorylation	5x	1x
hsa-miR-4488	18	Human miRNA	AGGGGGCGGGCTCCGGCG	5'-phosphorylation	5x	1x
hsa-miR-7706	24	Human miRNA	TGAAGCGCCTGTGCTCTGCCGAGA	5'-phosphorylation	5x	1x
hsa-miR-92a-3p	22	Human miRNA	TATTGCACTTGTCCCGGCCTGT	5'-phosphorylation	5x	1x
hsa-miR-338-5p	22	Human miRNA	AACAATATCCTGGTGCTGAGTG	5'-phosphorylation	5x	1x
hsa-miR-29a-5p	22	Human miRNA	ACTGATTTCTTTTGGTGTTCAG	5'-phosphorylation	5x	1x
hsa-miR-324-3p	20	Human miRNA	ACTGCCCCAGGTGCTGCTGG	5'-phosphorylation	5x	1x
hsa-miR-155-5p	23	Human miRNA	TTAATGCTAATCGTGATAGGGGT	5'-phosphorylation	5x	1x
hsa-miR-100-5p	22	Human miRNA	AACCCGTAGATCCGAACTTGTG	5'-phosphorylation	1x	5x
hsa-miR-211-5p	22	Human miRNA	TTCCCTTTGTCATCCTTCGCCT	5'-phosphorylation	1x	5x
hsa-miR-576-3p	22	Human miRNA	AAGATGTGGAAAAATTGGAATC	5'-phosphorylation	1x	5x
hsa-miR-26b-5p	21	Human miRNA	TTCAAGTAATTCAGGATAGGT	5'-phosphorylation	1x	5x
hsa-miR-6852-5p	21	Human miRNA	CCCTGGGGTTCTGAGGACATG	5'-phosphorylation	1x	5x
hsa-miR-92b-3p	22	Human miRNA	TATTGCACTCGTCCCGGCCTCC	5'-phosphorylation	1x	5x
hsa-miR-129-5p	21	Human miRNA	CTTTTTGCGGTCTGGGCTTGC	5'-phosphorylation	1x	5x
hsa-miR-16-5p	22	Human miRNA	TAGCAGCACGTAAATATTGGCG	5'-phosphorylation	1x	5x
hsa-miR-140-5p	22	Human miRNA	CAGTGGTTTTACCCTATGGTAG	5'-phosphorylation	1x	5x
hsa-miR-139-3p	23	Human miRNA	TGGAGACGCGGCCCTGTTGGAGT	5'-phosphorylation	1x	5x
hsa-miR-2110	22	Human miRNA	TTGGGGAAACGGCCGCTGAGTG	5'-phosphorylation	1x	5x
hsa-miR-374a-5p	22	Human miRNA	TTATAATACAACCTGATAAGTG	5'-phosphorylation	1x	5x
hsa-miR-365a-3p	22	Human miRNA	TAATGCCCCTAAAAATCCTTAT	5'-phosphorylation	1x	5x
hsa-miR-7-5p	23	Human miRNA	TGGAAGACTAGTGATTTTGTTGT	5'-phosphorylation	1x	5x
hsa-miR-326	20	Human miRNA	CCTCTGGGCCCTTCCTCCAG	5'-phosphorylation	1x	5x
hsa-miR-99b-5p	22	Human miRNA	CACCCGTAGAACCGACCTTGCG	5'-phosphorylation	1x	5x
hsa-miR-324-5p	23	Human miRNA	CGCATCCCCTAGGGCATTGGTGT	5'-phosphorylation	1x	5x
hsa-let-7c-5p	22	Human miRNA	TGAGGTAGTAGGTTGTATGGTT	5'-phosphorylation	1x	5x
hsa-miR-30d-5p	22	Human miRNA	TGTAAACATCCCCGACTGGAAG	5'-phosphorylation	4x	1x
hsa-miR-449a	22	Human miRNA	TGGCAGTGTATTGTTAGCTGGT	5'-phosphorylation	4x	1x
hsa-let-7e-5p	22	Human miRNA	TGAGGTAGGAGGTTGTATAGTT	5'-phosphorylation	4x	1x
hsa-miR-29b-3p	23	Human miRNA	TAGCACCATTTGAAATCAGTGTT	5'-phosphorylation	4x	1x
hsa-miR-362-5p	24	Human miRNA	AATCCTTGGAACCTAGGTGTGAGT	5'-phosphorylation	4x	1x
hsa-mir-3656	17	Human miRNA	GGCGGGTGCGGGGGTGG	5'-phosphorylation	4x	1x
hsa-miR-605	22	Human miRNA	AGAAGGCACTATGAGATTTAGA	5'-phosphorylation	4x	1x
hsa-miR-486-5p	22	Human miRNA	TCCTGTACTGAGCTGCCCCGAG	5'-phosphorylation	4x	1x
hsa-miR-193a-5p	22	Human miRNA	TGGGTCTTTGCGGGCGAGATGA	5'-phosphorylation	4x	1x
hsa-miR-1273g-3p	21	Human miRNA	ACCACTGCACTCCAGCCTGAG	5'-phosphorylation	4x	1x
hsa-miR-103b	23	Human miRNA	TCATAGCCCTGTACAATGCTGCT	5'-phosphorylation	4x	1x
hsa-miR-4433-3p	21	Human miRNA	ACAGGAGTGGGGGTGGGACAT	5'-phosphorylation	4x	1x
hsa-mir-4326	20	Human miRNA	TGTTCCTCTGTCTCCCAGAC	5'-phosphorylation	4x	1x
hsa-miR-210-3p	22	Human miRNA	CTGTGCGTGTGACAGCGGCTGA	5'-phosphorylation	4x	1x
hsa-miR-486-3p	21	Human miRNA	CGGGGCAGCTCAGTACAGGAT	5'-phosphorylation	4x	1x
hsa-miR-369-3p	21	Human miRNA	AATAATACATGGTTGATCTTT	5'-phosphorylation	4x	1x
hsa-miR-15a-5p	22	Human miRNA	TAGCAGCACATAATGGTTTGTG	5'-phosphorylation	4x	1x
hsa-miR-218-5p	21	Human miRNA	TTGTGCTTGATCTAACCATGT	5'-phosphorylation	4x	1x
hsa-miR-133a-3p	22	Human miRNA	TTTGGTCCCCTTCAACCAGCTG	5'-phosphorylation	1x	4x
hsa-miR-589-5p	22	Human miRNA	TGAGAACCACGTCTGCTCTGAG	5'-phosphorylation	1x	4x
hsa-miR-214	22	Human miRNA	ACAGCAGGCACAGACAGGCAGT	5'-phosphorylation	1x	4x
hsa-miR-376a-3p	21	Human miRNA	ATCATAGAGGAAAATCCACGT	5'-phosphorylation	1x	4x
hsa-miR-345-5p	22	Human miRNA	GCTGACTCCTAGTCCAGGGCTC	5'-phosphorylation	1x	4x
hsa-miR-148a-5p	22	Human miRNA	AAAGTTCTGAGACACTCCGACT	5'-phosphorylation	1x	4x
hsa-miR-320d	19	Human miRNA	AAAAGCTGGGTTGAGAGGA	5'-phosphorylation	1x	4x
hsa-miR-18a-5p	23	Human miRNA	TAAGGTGCATCTAGTGCAGATAG	5'-phosphorylation	1x	4x
hsa-miR-485-3p	22	Human miRNA	GTCATACACGGCTCTCCTCTCT	5'-phosphorylation	1x	4x
hsa-miR-450a-5p	22	Human miRNA	TTTTGCGATGTGTTCCTAATAT	5'-phosphorylation	1x	4x
hsa-miR-3591-3p	22	Human miRNA	AAACACCATTGTCACACTCCAC	5'-phosphorylation	1x	4x
hsa-miR-654-3p	22	Human miRNA	TATGTCTGCTGACCATCACCTT	5'-phosphorylation	1x	4x
hsa-miR-3184-5p	24	Human miRNA	TGAGGGGCCTCAGACCGAGCTTTT	5'-phosphorylation	1x	4x
hsa-miR-124-3p	20	Human miRNA	TAAGGCACGCGGTGAATGCC	5'-phosphorylation	1x	4x
hsa-miR-101-3p	21	Human miRNA	TACAGTACTGTGATAACTGAA	5'-phosphorylation	1x	4x
hsa-miR-499b-3p	22	Human miRNA	AACATCACTGCAAGTCTTAACA	5'-phosphorylation	1x	4x
hsa-miR-590-5p	22	Human miRNA	GAGCTTATTCATAAAAGTGCAG	5'-phosphorylation	1x	4x
hsa-miR-500a-3p	22	Human miRNA	ATGCACCTGGGCAAGGATTCTG	5'-phosphorylation	1x	4x
hsa-miR-200b-3p	22	Human miRNA	TAATACTGCCTGGTAATGATGA	5'-phosphorylation	3x	1x
hsa-mir-320c-1	20	Human miRNA	AAAAGCTGGGTTGAGAGGGT	5'-phosphorylation	3x	1x
hsa-miR-532-5p	22	Human miRNA	CATGCCTTGAGTGTAGGACCGT	5'-phosphorylation	3x	1x
hsa-miR-140-3p	21	Human miRNA	TACCACAGGGTAGAACCACGG	5'-phosphorylation	3x	1x
hsa-miR-126-5p	21	Human miRNA	CATTATTACTTTTGGTACGCG	5'-phosphorylation	3x	1x
hsa-miR-139-5p	23	Human miRNA	TCTACAGTGCACGTGTCTCCAGT	5'-phosphorylation	3x	1x
hsa-miR-132-3p	22	Human miRNA	TAACAGTCTACAGCCATGGTCG	5'-phosphorylation	3x	1x
hsa-miR-15b-3p	22	Human miRNA	CGAATCATTATTTGCTGCTCTA	5'-phosphorylation	3x	1x
hsa-miR-199b-5p	23	Human miRNA	CCCAGTGTTTAGACTATCTGTTC	5'-phosphorylation	3x	1x
hsa-miR-501-3p	22	Human miRNA	AATGCACCCGGGCAAGGATTCT	5'-phosphorylation	3x	1x
hsa-miR-3529-3p	24	Human miRNA	AACAACAAAATCACTAGTCTTCCA	5'-phosphorylation	3x	1x
hsa-miR-362-3p	22	Human miRNA	AACACACCTATTCAAGGATTCA	5'-phosphorylation	3x	1x
hsa-miR-652-3p	21	Human miRNA	AATGGCGCCACTAGGGTTGTG	5'-phosphorylation	3x	1x
hsa-miR-335-5p	23	Human miRNA	TCAAGAGCAATAACGAAAAATGT	5'-phosphorylation	3x	1x
hsa-miR-182-5p	24	Human miRNA	TTTGGCAATGGTAGAACTCACACT	5'-phosphorylation	3x	1x
hsa-miR-136-3p	22	Human miRNA	CATCATCGTCTCAAATGAGTCT	5'-phosphorylation	3x	1x
hsa-miR-99a-5p	22	Human miRNA	AACCCGTAGATCCGATCTTGTG	5'-phosphorylation	3x	1x
hsa-miR-532-3p	22	Human miRNA	CCTCCCACACCCAAGGCTTGCA	5'-phosphorylation	3x	1x
hsa-miR-26a-5p	22	Human miRNA	TTCAAGTAATCCAGGATAGGCT	5'-phosphorylation	1x	3x
hsa-miR-130b-3p	22	Human miRNA	CAGTGCAATGATGAAAGGGCAT	5'-phosphorylation	1x	3x
hsa-miR-302c-3p	23	Human miRNA	TAAGTGCTTCCATGTTTCAGTGG	5'-phosphorylation	1x	3x
hsa-miR-127-3p	22	Human miRNA	TCGGATCCGTCTGAGCTTGGCT	5'-phosphorylation	1x	3x
hsa-miR-23b-3p	21	Human miRNA	ATCACATTGCCAGGGATTACC	5'-phosphorylation	1x	3x
hsa-miR-150-5p	22	Human miRNA	TCTCCCAACCCTTGTACCAGTG	5'-phosphorylation	1x	3x
hsa-miR-215-5p	21	Human miRNA	ATGACCTATGAATTGACAGAC	5'-phosphorylation	1x	3x
hsa-miR-433-3p	22	Human miRNA	ATCATGATGGGCTCCTCGGTGT	5'-phosphorylation	1x	3x
hsa-miR-340-3p	22	Human miRNA	TCCGTCTCAGTTACTTTATAGC	5'-phosphorylation	1x	3x
hsa-miR-27a-3p	21	Human miRNA	TTCACAGTGGCTAAGTTCCGC	5'-phosphorylation	1x	3x
hsa-miR-296-5p	21	Human miRNA	AGGGCCCCCCCTCAATCCTGT	5'-phosphorylation	1x	3x
hsa-miR-134-5p	22	Human miRNA	TGTGACTGGTTGACCAGAGGGG	5'-phosphorylation	1x	3x
hsa-miR-29b-2-5p	22	Human miRNA	CTGGTTTCACATGGTGGCTTAG	5'-phosphorylation	1x	3x
hsa-miR-299-3p	22	Human miRNA	TATGTGGGATGGTAAACCGCTT	5'-phosphorylation	1x	3x
hsa-let-7b-5p	22	Human miRNA	TGAGGTAGTAGGTTGTGTGGTT	5'-phosphorylation	1x	3x
hsa-miR-103a-3p	23	Human miRNA	AGCAGCATTGTACAGGGCTATGA	5'-phosphorylation	1x	3x
hsa-miR-34c-5p	23	Human miRNA	AGGCAGTGTAGTTAGCTGATTGC	5'-phosphorylation	1x	3x
hsa-miR-145-5p	23	Human miRNA	GTCCAGTTTTCCCAGGAATCCCT	5'-phosphorylation	1x	3x
hsa-miR-1246	19	Human miRNA	AATGGATTTTTGGAGCAGG	5'-phosphorylation	2x	1x
hsa-miR-29c-3p	22	Human miRNA	TAGCACCATTTGAAATCGGTTA	5'-phosphorylation	2x	1x
hsa-miR-133b	22	Human miRNA	TTTGGTCCCCTTCAACCAGCTA	5'-phosphorylation	2x	1x
hsa-miR-34a-5p	22	Human miRNA	TGGCAGTGTCTTAGCTGGTTGT	5'-phosphorylation	2x	1x
hsa-miR-363-3p	22	Human miRNA	AATTGCACGGTATCCATCTGTA	5'-phosphorylation	2x	1x
hsa-miR-378d	20	Human miRNA	ACTGGACTTGGAGTCAGAAA	5'-phosphorylation	2x	1x
hsa-miR-497-5p	21	Human miRNA	CAGCAGCACACTGTGGTTTGT	5'-phosphorylation	2x	1x
hsa-miR-125b-5p	22	Human miRNA	TCCCTGAGACCCTAACTTGTGA	5'-phosphorylation	2x	1x
hsa-miR-340-5p	22	Human miRNA	TTATAAAGCAATGAGACTGATT	5'-phosphorylation	2x	1x
hsa-miR-126-3p	22	Human miRNA	TCGTACCGTGAGTAATAATGCG	5'-phosphorylation	2x	1x
hsa-miR-378e	19	Human miRNA	ACTGGACTTGGAGTCAGGA	5'-phosphorylation	2x	1x
hsa-miR-1228-5p	21	Human miRNA	GTGGGCGGGGGCAGGTGTGTG	5'-phosphorylation	2x	1x
hsa-miR-27b-3p	21	Human miRNA	TTCACAGTGGCTAAGTTCTGC	5'-phosphorylation	2x	1x
hsa-miR-455-3p	21	Human miRNA	GCAGTCCATGGGCATATACAC	5'-phosphorylation	2x	1x
hsa-miR-3615	21	Human miRNA	TCTCTCGGCTCCTCGCGGCTC	5'-phosphorylation	2x	1x
hsa-miR-195-5p	21	Human miRNA	TAGCAGCACAGAAATATTGGC	5'-phosphorylation	2x	1x
hsa-miR-411-5p	21	Human miRNA	TAGTAGACCGTATAGCGTACG	5'-phosphorylation	2x	1x
hsa-miR-212-3p	21	Human miRNA	TAACAGTCTCCAGTCACGGCC	5'-phosphorylation	2x	1x
hsa-miR-199b-3p	22	Human miRNA	ACAGTAGTCTGCACATTGGTTA	5'-phosphorylation	1x	2x
hsa-miR-205-5p	22	Human miRNA	TCCTTCATTCCACCGGAGTCTG	5'-phosphorylation	1x	2x
hsa-miR-133a-5p	22	Human miRNA	AGCTGGTAAAATGGAACCAAAT	5'-phosphorylation	1x	2x
hsa-miR-32-5p	22	Human miRNA	TATTGCACATTACTAAGTTGCA	5'-phosphorylation	1x	2x
hsa-miR-183-5p	22	Human miRNA	TATGGCACTGGTAGAATTCACT	5'-phosphorylation	1x	2x
hsa-miR-302b-3p	23	Human miRNA	TAAGTGCTTCCATGTTTTAGTAG	5'-phosphorylation	1x	2x
hsa-miR-766-3p	22	Human miRNA	ACTCCAGCCCCACAGCCTCAGC	5'-phosphorylation	1x	2x
hsa-miR-500a-5p	23	Human miRNA	TAATCCTTGCTACCTGGGTGAGA	5'-phosphorylation	1x	2x
hsa-miR-485-5p	22	Human miRNA	AGAGGCTGGCCGTGATGAATTC	5'-phosphorylation	1x	2x
hsa-miR-4433b-5p	21	Human miRNA	ATGTCCCACCCCCACTCCTGT	5'-phosphorylation	1x	2x
hsa-miR-98-5p	22	Human miRNA	TGAGGTAGTAAGTTGTATTGTT	5'-phosphorylation	1x	2x
hsa-miR-181b-1-5p	23	Human miRNA	AACATTCATTGCTGTCGGTGGGT	5'-phosphorylation	1x	2x
hsa-miR-370-3p	22	Human miRNA	GCCTGCTGGGGTGGAACCTGGT	5'-phosphorylation	1x	2x
hsa-miR-1301-3p	24	Human miRNA	TTGCAGCTGCCTGGGAGTGACTTC	5'-phosphorylation	1x	2x
hsa-miR-483-5p	22	Human miRNA	AAGACGGGAGGAAAGAAGGGAG	5'-phosphorylation	1x	2x
hsa-miR-10b-5p	23	Human miRNA	TACCCTGTAGAACCGAATTTGTG	5'-phosphorylation	1x	2x
hsa-miR-144-3p	20	Human miRNA	TACAGTATAGATGATGTACT	5'-phosphorylation	1x	2x
hsa-miR-152-3p	21	Human miRNA	TCAGTGCATGACAGAACTTGG	5'-phosphorylation	1x	2x
hsa-miR-186-5p	22	Human miRNA	CAAAGAATTCTCCTTTTGGGCT	5'-phosphorylation	1.5x	1x
hsa-mir-222	21	Human miRNA	AGCTACATCTGGCTACTGGGT	5'-phosphorylation	1.5x	1x
hsa-miR-744-5p	22	Human miRNA	TGCGGGGCTAGGGCTAACAGCA	5'-phosphorylation	1.5x	1x
hsa-miR-424-3p	21	Human miRNA	CAAAACGTGAGGCGCTGCTAT	5'-phosphorylation	1.5x	1x
hsa-miR-369-5p	22	Human miRNA	AGATCGACCGTGTTATATTCGC	5'-phosphorylation	1.5x	1x
hsa-miR-301b	23	Human miRNA	CAGTGCAATGATATTGTCAAAGC	5'-phosphorylation	1.5x	1x
hsa-mir-320b-1	22	Human miRNA	AAAAGCTGGGTTGAGAGGGCAA	5'-phosphorylation	1.5x	1x
hsa-miR-425-5p	23	Human miRNA	AATGACACGATCACTCCCGTTGA	5'-phosphorylation	1.5x	1x
hsa-miR-664a-5p	24	Human miRNA	ACTGGCTAGGGAAAATGATTGGAT	5'-phosphorylation	1.5x	1x
hsa-miR-185-3p	22	Human miRNA	AGGGGCTGGCTTTCCTCTGGTC	5'-phosphorylation	1.5x	1x
hsa-miR-208a	22	Human miRNA	ATAAGACGAGCAAAAAGCTTGT	5'-phosphorylation	1.5x	1x
hsa-miR-129-3p	22	Human miRNA	AAGCCCTTACCCCAAAAAGTAT	5'-phosphorylation	1.5x	1x
hsa-miR-941	23	Human miRNA	CACCCGGCTGTGTGCACATGTGC	5'-phosphorylation	1.5x	1x
hsa-miR-141-3p	22	Human miRNA	TAACACTGTCTGGTAAAGATGG	5'-phosphorylation	1.5x	1x
hsa-miR-20b-5p	23	Human miRNA	CAAAGTGCTCATAGTGCAGGTAG	5'-phosphorylation	1.5x	1x
hsa-miR-331-3p	21	Human miRNA	GCCCCTGGGCCTATCCTAGAA	5'-phosphorylation	1.5x	1x
hsa-mir-146a-5p	22	Human miRNA	TGAGAACTGAATTCCATGGGTT	5'-phosphorylation	1.5x	1x
hsa-miR-574-3p	22	Human miRNA	CACGCTCATGCACACACCCACA	5'-phosphorylation	1.5x	1x
hsa-miR-330-3p	23	Human miRNA	GCAAAGCACACGGCCTGCAGAGA	5'-phosphorylation	1x	1.5x
hsa-miR-96	23	Human miRNA	TTTGGCACTAGCACATTTTTGCT	5'-phosphorylation	1x	1.5x
hsa-miR-373-3p	23	Human miRNA	GAAGTGCTTCGATTTTGGGGTGT	5'-phosphorylation	1x	1.5x
hsa-miR-24-3p	22	Human miRNA	TGGCTCAGTTCAGCAGGAACAG	5'-phosphorylation	1x	1.5x
hsa-miR-30e-3p	22	Human miRNA	CTTTCAGTCGGATGTTTACAGC	5'-phosphorylation	1x	1.5x
hsa-miR-190a-5p	22	Human miRNA	TGATATGTTTGATATATTAGGT	5'-phosphorylation	1x	1.5x
hsa-miR-145-3p	22	Human miRNA	GGATTCCTGGAAATACTGTTCT	5'-phosphorylation	1x	1.5x
hsa-mir-3929	23	Human miRNA	GAGGCTGATGTGAGTAGACCACT	5'-phosphorylation	1x	1.5x
hsa-let-7i-3p	22	Human miRNA	CTGCGCAAGCTACTGCCTTGCT	5'-phosphorylation	1x	1.5x
hsa-miR-184	22	Human miRNA	TGGACGGAGAACTGATAAGGGT	5'-phosphorylation	1x	1.5x
hsa-miR-484	22	Human miRNA	TCAGGCTCAGTCCCCTCCCGAT	5'-phosphorylation	1x	1.5x
hsa-miR-224-5p	21	Human miRNA	CAAGTCACTAGTGGTTCCGTT	5'-phosphorylation	1x	1.5x
hsa-miR-148b-3p	22	Human miRNA	TCAGTGCATCACAGAACTTTGT	5'-phosphorylation	1x	1.5x
hsa-miR-320a	22	Human miRNA	AAAAGCTGGGTTGAGAGGGCGA	5'-phosphorylation	1x	1.5x
hsa-miR-151a-5p	21	Human miRNA	TCGAGGAGCTCACAGTCTAGT	5'-phosphorylation	1x	1.5x
hsa-miR-29a-3p	22	Human miRNA	TAGCACCATCTGAAATCGGTTA	5'-phosphorylation	1x	1.5x
hsa-miR-1180-3p	22	Human miRNA	TTTCCGGCTCGCGTGGGTGTGT	5'-phosphorylation	1x	1.5x
hsa-miR-378b	19	Human miRNA	ACTGGACTTGGAGGCAGAA	5'-phosphorylation	1x	1.5x
hsa-miR-146b-5p	22	Human miRNA	TGAGAACTGAATTCCATAGGCT	5'-phosphorylation	1x	1x
hsa-miR-17-3p	22	Human miRNA	ACTGCAGTGAAGGCACTTGTAG	5'-phosphorylation	1x	1x
hsa-miR-338-3p	22	Human miRNA	TCCAGCATCAGTGATTTTGTTG	5'-phosphorylation	1x	1x
hsa-miR-421	23	Human miRNA	ATCAACAGACATTAATTGGGCGC	5'-phosphorylation	1x	1x
hsa-miR-30c-5p	23	Human miRNA	TGTAAACATCCTACACTCTCAGC	5'-phosphorylation	1x	1x
hsa-miR-1307-5p	21	Human miRNA	TCGACCGGACCTCGACCGGCT	5'-phosphorylation	1x	1x
hsa-miR-17-5p	23	Human miRNA	CAAAGTGCTTACAGTGCAGGTAG	5'-phosphorylation	1x	1x
hsa-miR-450b-5p	22	Human miRNA	TTTTGCAATATGTTCCTGAATA	5'-phosphorylation	1x	1x
hsa-miR-106b-5p	21	Human miRNA	TAAAGTGCTGACAGTGCAGAT	5'-phosphorylation	1x	1x
hsa-miR-942-5p	22	Human miRNA	TCTTCTCTGTTTTGGCCATGTG	5'-phosphorylation	1x	1x
hsa-miR-2355-3p	22	Human miRNA	ATTGTCCTTGCTGTTTGGAGAT	5'-phosphorylation	1x	1x
hsa-miR-769-5p	22	Human miRNA	TGAGACCTCTGGGTTCTGAGCT	5'-phosphorylation	1x	1x
hsa-miR-490-3p	22	Human miRNA	CAACCTGGAGGACTCCATGCTG	5'-phosphorylation	1x	1x
hsa-miR-374b-5p	22	Human miRNA	ATATAATACAACCTGCTAAGTG	5'-phosphorylation	1x	1x
hsa-miR-223-3p	22	Human miRNA	TGTCAGTTTGTCAAATACCCCA	5'-phosphorylation	1x	1x
hsa-miR-495-3p	22	Human miRNA	AAACAAACATGGTGCACTTCTT	5'-phosphorylation	1x	1x
hsa-miR-551b-3p	21	Human miRNA	GCGACCCATACTTGGTTTCAG	5'-phosphorylation	1x	1x
hsa-miR-19a-3p	23	Human miRNA	TGTGCAAATCTATGCAAAACTGA	5'-phosphorylation	1x	1x
hsa-miR-142-3p	23	Human miRNA	TGTAGTGTTTCCTACTTTATGGA	5'-phosphorylation	1x	1x
hsa-miR-93-3p	22	Human miRNA	ACTGCTGAGCTAGCACTTCCCG	5'-phosphorylation	1x	1x
hsa-miR-423-5p	23	Human miRNA	TGAGGGGCAGAGAGCGAGACTTT	5'-phosphorylation	1x	1x
hsa-miR-625-5p	21	Human miRNA	AGGGGGAAAGTTCTATAGTCC	5'-phosphorylation	1x	1x
hsa-miR-361-3p	23	Human miRNA	TCCCCCAGGTGTGATTCTGATTT	5'-phosphorylation	1x	1x
hsa-miR-615-3p	22	Human miRNA	TCCGAGCCTGGGTCTCCCTCTT	5'-phosphorylation	1x	1x
hsa-miR-499a-5p	21	Human miRNA	TTAAGACTTGCAGTGATGTTT	5'-phosphorylation	1x	1x
hsa-let-7a-5p	22	Human miRNA	TGAGGTAGTAGGTTGTATAGTT	5'-phosphorylation	1x	1x
hsa-miR-502-3p	22	Human miRNA	AATGCACCTGGGCAAGGATTCA	5'-phosphorylation	1x	1x
hsa-miR-125a-5p	24	Human miRNA	TCCCTGAGACCCTTTAACCTGTGA	5'-phosphorylation	1x	1x
hsa-miR-7974	24	Human miRNA	AGGCTGTGATGCTCTCCTGAGCCC	5'-phosphorylation	1x	1x
hsa-mir-128-1-3p	21	Human miRNA	TCACAGTGAACCGGTCTCTTT	5'-phosphorylation	1x	1x
hsa-miR-9-5p	23	Human miRNA	TCTTTGGTTATCTAGCTGTATGA	5'-phosphorylation	1x	1x
hsa-miR-766-5p	22	Human miRNA	AGGAGGAATTGGTGCTGGTCTT	5'-phosphorylation	1x	1x
hsa-miR-154-5p	22	Human miRNA	TAGGTTATCCGTGTTGCCTTCG	5'-phosphorylation	1x	1x
hsa-miR-148a-3p	22	Human miRNA	TCAGTGCACTACAGAACTTTGT	5'-phosphorylation	1x	1x
PCA3-75	75	Non-miRNA	CCTGCTTTCATATTCTGAAGTCAGAGTGTTCCAGACAGAAGAAATAGCAAGTGCCGAGAAGCTGGCATCAGAAAA	5'-phosphorylation	10x	1x
HBA2-60	60	Non-miRNA	CGGGCCCTCCTCCCCTCCTTGCACCGGCCCTTCCTGGTCTTTGAATAAAGTCTGAGTGGG	5'-phosphorylation	10x	1x
PCA3-60	60	Non-miRNA	GTGTGGCTGCAGCCGAGGGAGACCAGGAAGATCTGCATGGTGGGAAGGACCTGATGATAC	5'-phosphorylation	10x	1x
PCA3-30	30	Non-miRNA	TGGAGATAATTAACATCACTAGAAACAGCA	5'-phosphorylation	1x	10x
bol-miR824	21	Non human miRNA (plant)	TAGACCATTTGTGAGAAGGGA	5'-phosphorylation	1x	10x
BRCAT3-15	15	Non-miRNA	CTCACTTGTGGCTAA	5'-phosphorylation	1x	10x
BRCAT3-90	90	Non-miRNA	AATGGATGAATTGTATGGTATTCTTGGTCAATAACGCTGTTATTTCTAAAAAGGTCTGAGAAAATAAGGATAAATGTCTAGCGTTTCTTC	5'-phosphorylation	8x	1x
HBB-75	75	Non-miRNA	TGGTCTACCCTTGGACCCAGAGGTTCTTTGAGTCCTTTGGGGATCTGTCCACTCCTGATGCTGTTATGGGCAACC	5'-phosphorylation	8x	1x
HBB-60	60	Non-miRNA	ATGGCAAGAAAGTGCTCGGTGCCTTTAGTGATGGCCTGGCTCACCTGGACAACCTCAAGG	5'-phosphorylation	8x	1x
HBA2-75	75	Non-miRNA	TTCCTGGCTTCTGTGAGCACCGTGCTGACCTCCAAATACCGTTAAGCTGGAGCCTCGGTAGCCGTTCCTCCTGCC	5'-phosphorylation	1x	8x
PRCAT104-75	75	Non-miRNA	GCTGAGCGCCGGTCCCCTGGGCCCACTTTTCTTTCTCTATACTTTGTCTCTGTTGTCTTTCTTTTCTCAAGTCTC	5'-phosphorylation	1x	8x
LSCAT212-15	15	Non-miRNA	AAGTTTGTAAAGAAC	5'-phosphorylation	1x	8x
ACTB-75	75	Non-miRNA	GGCGACGATGCCCCCCGGGCCGTCTTCCCCTCCATCGTGGGGCGCCCCAGGCACCAGGGCGTGATGGTGGGCATG	5'-phosphorylation	5x	1x
HBA1-90	90	Non-miRNA	CATAAACCCTGGCGCGCTCGCGGCCCGGCACTCTTCTGGTCCCCACAGACTCAGAGAGAACCCACCATGGTGCTGTCTCCTGCCGACAAG	5'-phosphorylation	5x	1x
HBB-45	45	Non-miRNA	TGAGTGAGCTGCACTGTGACAAGCTGCACGTGGATCCTGAGAACT	5'-phosphorylation	5x	1x
BRCAT3-60	60	Non-miRNA	AACCTTCCCACCTTGTGCCCCACCTTCATTTACCTTAAGCCTCACCCACCCACCTTCATC	5'-phosphorylation	1x	5x
HBB-15	15	Non-miRNA	TGCTGGCCCATCACT	5'-phosphorylation	1x	5x
PCA3-45	45	Non-miRNA	GAAAGGCTGCTGACTTTACCATCTGAGGCCACACATCTGCTGAAA	5'-phosphorylation	1x	5x
bra-MIR172	21	Non human miRNA (plant)	AGAATCTTGATGATGCTGCAT	5'-phosphorylation	4x	1x
HBA1-15	15	Non-miRNA	GCGGCAAAAAAAAAA	5'-phosphorylation	4x	1x
HBB-90	90	Non-miRNA	ACATTTGCTTCTGACACAACTGTGTTCACTAGCAACCTCAAACAGACACCATGGTGCATCTGACTCCTGAGGAGAAGTCTGCCGTTACTG	5'-phosphorylation	4x	1x
BRCAT3-75	75	Non-miRNA	CAGCCGGCCACTGGAGGCCCTTGGTGATGTGGGCTGCCCTCTGTGCCTCCTGGTGTACACCCCATGGGGAAGTAT	5'-phosphorylation	1x	4x
PCA3-15	15	Non-miRNA	AGATGACAATATAAT	5'-phosphorylation	1x	4x
HBB-30	30	Non-miRNA	TCAGGCTCCTGGGCAACGTGCTGGTCTGTG	5'-phosphorylation	1x	4x
PCA3-90	90	Non-miRNA	ATAAATAAATAAGATAATTTTTAATAGCAACGTGTCAACATAGTGTGACGGGAAGGAGCATGATGAGACAGAAGGAAGGTTTAAACTGGG	5'-phosphorylation	3x	1x
HBA2-90	90	Non-miRNA	CATAAACCCTGGCGCGCTCGCGGGCCGGCACTCTTCTGGTCCCCACAGACTCAGAGAGAACCCACCATGGTGCTGTCTCCTGCCGACAAG	5'-phosphorylation	3x	1x
ACTB-45	45	Non-miRNA	AACTGGGACGACATGGAGAAAATCTGGCACCACACCTTCTACAAT	5'-phosphorylation	3x	1x
HBA1-75	75	Non-miRNA	TTCCTGGCTTCTGTGAGCACCGTGCTGACCTCCAAATACCGTTAAGCTGGAGCCTCGGTGGCCATGCTTCTTGCC	5'-phosphorylation	1x	3x
ACTB-60	60	Non-miRNA	TATGTGGGCGACGAGGCCCAGAGCAAGAGAGGCATCCTCACCCTGAAGTACCCCATCGAG	5'-phosphorylation	1x	3x
LSCAT212-60	60	Non-miRNA	AACCTCACTTCTGCTACATATCAGCCATCTGGCCATCTGACTTCATCTCTCTGAGCCCGT	5'-phosphorylation	1x	3x
BRCAT3-30	30	Non-miRNA	CCCTGGCTGCCCAGCATATGGCAGGAGGGG	5'-phosphorylation	2x	1x
PRCAT104-45	45	Non-miRNA	GGACTCTCGAGTGTGGTCATTGAGGACAAGTCAACGAGAGATTCC	5'-phosphorylation	2x	1x
hvu-miR168-5p	21	Non human miRNA (viral)	TCGCTTGGTGCAGATCGGGAC	5'-phosphorylation	2x	1x
LSCAT212-75	75	Non-miRNA	ATGCTGTCTTTTACACATCTCAGCAGGGAGCTGGTCCCAGAGCAGAAACAACTGGTGATGAGATTTGGACTTCAG	5'-phosphorylation	1x	2x
LSCAT212-45	45	Non-miRNA	ACAAACATTGATGCCTAAGGGTGGTTATGAGAATTGAATAAAATA	5'-phosphorylation	1x	2x
PRCAT104-15	15	Non-miRNA	AAGGTACTCTACAGT	5'-phosphorylation	1x	2x
ACTB-30	30	Non-miRNA	GAGCTGCGTGTGGCTCCCGAGGAGCACCCC	5'-phosphorylation	1.5x	1x
LSCAT212-90	90	Non-miRNA	TGTAGGACAGGCTTGGAATCTAATTTCCCAGTGCCCTCCACCCCACCCAAAACCCCCAGTGTCTGGCAAATCTGACTTAAATCCCAGAGG	5'-phosphorylation	1.5x	1x
ath-MIR156a	20	Non human miRNA (plant)	TGACAGAAGAGAGTGAGCAC	5'-phosphorylation	1.5x	1x
HBA2-15	15	Non-miRNA	CAGCAAAAAAAAAAA	5'-phosphorylation	1x	1.5x
BRCAT3-45	45	Non-miRNA	GCTCACAGTGACGGACCCTGATGGCAGAGGCATCCTGGGTAGCTT	5'-phosphorylation	1x	1.5x
ACTB-15	15	Non-miRNA	GTGCTGCTGACCGAG	5'-phosphorylation	1x	1.5x
PRCAT104-60	60	Non-miRNA	AGAAATGCCCACAGCTGTGGAGGCGCAGGCCACTCCATCTGGTGCCCAACGTGGATGCTT	5'-phosphorylation	1x	1x
HBA1-60	60	Non-miRNA	CAGCCCCTCCTCCCCTTCCTGCACCCGTACCCCCGTGGTCTTTGAATAAAGTCTGAGTGG	5'-phosphorylation	1x	1x
PRCAT23-90	90	Non-miRNA	CCCCACACAGGACACACATACAATACAACTCACACACAACATACACAACACAACACACACACACCCTCACATACACCATACACACACACC	5'-phosphorylation	1x	1x
PRCAT104-90	23	Non-miRNA	ATCAACAGACATTAATTGGGCGC	5'-phosphorylation	1x	1x
ACTB-90	23	Non-miRNA	TGTAAACATCCTACACTCTCAGC	5'-phosphorylation	1x	1x
PRCAT104-30	21	Non-miRNA	TCGACCGGACCTCGACCGGCT	5'-phosphorylation	1x	1x
